
[
{"fields": {"active": true, "dateUpdated": "2016-04-13T22:01:57.828Z", "interestName": "8th Grade 'Skip Day' Planning", "description": "", "dateCreated": "2016-04-13T22:01:57.828Z"}, "model": "nsavolunteer.volunteerinterests", "pk": 2}, {"fields": {"active": true, "dateUpdated": "2016-04-13T22:02:15.972Z", "interestName": "Accelerated Reader (AR)", "description": "", "dateCreated": "2016-04-13T22:02:15.972Z"}, "model": "nsavolunteer.volunteerinterests", "pk": 3}, {"fields": {"active": true, "dateUpdated": "2016-04-13T22:02:22.951Z", "interestName": "Accelerated Reader (AR) - Substitute", "description": "", "dateCreated": "2016-04-13T22:02:22.951Z"}, "model": "nsavolunteer.volunteerinterests", "pk": 4}, {"fields": {"active": true, "dateUpdated": "2016-04-13T22:02:31.040Z", "interestName": "Access / Excel Proficient", "description": "", "dateCreated": "2016-04-13T22:02:31.040Z"}, "model": "nsavolunteer.volunteerinterests", "pk": 5}, {"fields": {"active": true, "dateUpdated": "2016-04-13T22:02:38.467Z", "interestName": "Art Room Clean-up", "description": "", "dateCreated": "2016-04-13T22:02:38.467Z"}, "model": "nsavolunteer.volunteerinterests", "pk": 6}, {"fields": {"active": true, "dateUpdated": "2016-04-13T22:02:44.929Z", "interestName": "Art Show", "description": "", "dateCreated": "2016-04-13T22:02:44.929Z"}, "model": "nsavolunteer.volunteerinterests", "pk": 7}, {"fields": {"active": true, "dateUpdated": "2016-04-13T22:02:53.832Z", "interestName": "Battle of the Books Coach", "description": "", "dateCreated": "2016-04-13T22:02:53.832Z"}, "model": "nsavolunteer.volunteerinterests", "pk": 8}, {"fields": {"active": true, "dateUpdated": "2016-04-13T22:03:00.437Z", "interestName": "Box Tops Counter", "description": "", "dateCreated": "2016-04-13T22:03:00.437Z"}, "model": "nsavolunteer.volunteerinterests", "pk": 9}, {"fields": {"active": true, "dateUpdated": "2016-04-13T22:03:06.896Z", "interestName": "Choir", "description": "", "dateCreated": "2016-04-13T22:03:06.896Z"}, "model": "nsavolunteer.volunteerinterests", "pk": 10}, {"fields": {"active": true, "dateUpdated": "2016-04-13T22:03:13.195Z", "interestName": "Classroom Assistance", "description": "", "dateCreated": "2016-04-13T22:03:13.195Z"}, "model": "nsavolunteer.volunteerinterests", "pk": 11}, {"fields": {"active": true, "dateUpdated": "2016-04-13T22:03:20.015Z", "interestName": "Classroom Parties", "description": "", "dateCreated": "2016-04-13T22:03:20.015Z"}, "model": "nsavolunteer.volunteerinterests", "pk": 12}, {"fields": {"active": true, "dateUpdated": "2016-04-13T22:03:26.336Z", "interestName": "Computer Lab", "description": "", "dateCreated": "2016-04-13T22:03:26.336Z"}, "model": "nsavolunteer.volunteerinterests", "pk": 13}, {"fields": {"active": true, "dateUpdated": "2016-04-13T22:03:32.592Z", "interestName": "Copy Room", "description": "", "dateCreated": "2016-04-13T22:03:32.592Z"}, "model": "nsavolunteer.volunteerinterests", "pk": 14}, {"fields": {"active": true, "dateUpdated": "2016-04-13T22:03:39.299Z", "interestName": "Copy Room - Substitute", "description": "", "dateCreated": "2016-04-13T22:03:39.299Z"}, "model": "nsavolunteer.volunteerinterests", "pk": 15}, {"fields": {"active": true, "dateUpdated": "2016-04-13T22:03:46.965Z", "interestName": "Fall Fun Run", "description": "", "dateCreated": "2016-04-13T22:03:46.965Z"}, "model": "nsavolunteer.volunteerinterests", "pk": 16}, {"fields": {"active": true, "dateUpdated": "2016-04-13T22:03:53.476Z", "interestName": "Field Day", "description": "", "dateCreated": "2016-04-13T22:03:53.475Z"}, "model": "nsavolunteer.volunteerinterests", "pk": 17}, {"fields": {"active": true, "dateUpdated": "2016-04-13T22:03:59.769Z", "interestName": "Front Office Assistance", "description": "", "dateCreated": "2016-04-13T22:03:59.769Z"}, "model": "nsavolunteer.volunteerinterests", "pk": 18}, {"fields": {"active": true, "dateUpdated": "2016-04-13T22:04:06.159Z", "interestName": "Grandparents Day", "description": "", "dateCreated": "2016-04-13T22:04:06.159Z"}, "model": "nsavolunteer.volunteerinterests", "pk": 19}, {"fields": {"active": true, "dateUpdated": "2016-04-13T22:04:12.245Z", "interestName": "Grant Committee", "description": "", "dateCreated": "2016-04-13T22:04:12.245Z"}, "model": "nsavolunteer.volunteerinterests", "pk": 20}, {"fields": {"active": true, "dateUpdated": "2016-04-13T22:04:19.464Z", "interestName": "Historian / Photographer", "description": "", "dateCreated": "2016-04-13T22:04:19.463Z"}, "model": "nsavolunteer.volunteerinterests", "pk": 21}, {"fields": {"active": true, "dateUpdated": "2016-04-13T22:04:25.677Z", "interestName": "Home School Program (Revenue Source) Committee", "description": "", "dateCreated": "2016-04-13T22:04:25.677Z"}, "model": "nsavolunteer.volunteerinterests", "pk": 22}, {"fields": {"active": true, "dateUpdated": "2016-04-13T22:04:32.032Z", "interestName": "IT Expert", "description": "", "dateCreated": "2016-04-13T22:04:32.032Z"}, "model": "nsavolunteer.volunteerinterests", "pk": 23}, {"fields": {"active": true, "dateUpdated": "2016-04-13T22:04:38.030Z", "interestName": "Library", "description": "", "dateCreated": "2016-04-13T22:04:38.030Z"}, "model": "nsavolunteer.volunteerinterests", "pk": 24}, {"fields": {"active": true, "dateUpdated": "2016-04-13T22:04:46.211Z", "interestName": "Library - Substitute", "description": "", "dateCreated": "2016-04-13T22:04:46.211Z"}, "model": "nsavolunteer.volunteerinterests", "pk": 25}, {"fields": {"active": true, "dateUpdated": "2016-04-13T22:04:52.192Z", "interestName": "Lost & Found Management", "description": "", "dateCreated": "2016-04-13T22:04:52.192Z"}, "model": "nsavolunteer.volunteerinterests", "pk": 26}, {"fields": {"active": true, "dateUpdated": "2016-04-13T22:04:59.441Z", "interestName": "LPN/RN - Paid Substitute for Clinic", "description": "", "dateCreated": "2016-04-13T22:04:59.441Z"}, "model": "nsavolunteer.volunteerinterests", "pk": 27}, {"fields": {"active": true, "dateUpdated": "2016-04-13T22:05:06.518Z", "interestName": "Lunchroom - Substitute", "description": "", "dateCreated": "2016-04-13T22:05:06.518Z"}, "model": "nsavolunteer.volunteerinterests", "pk": 28}, {"fields": {"active": true, "dateUpdated": "2016-04-13T22:05:13.082Z", "interestName": "Lunchroom Duty", "description": "", "dateCreated": "2016-04-13T22:05:13.082Z"}, "model": "nsavolunteer.volunteerinterests", "pk": 29}, {"fields": {"active": true, "dateUpdated": "2016-04-13T22:05:13.998Z", "interestName": "Lunchroom Duty", "description": "", "dateCreated": "2016-04-13T22:05:13.998Z"}, "model": "nsavolunteer.volunteerinterests", "pk": 30}, {"fields": {"active": true, "dateUpdated": "2016-04-13T22:05:21.701Z", "interestName": "Middle School Grilling/Supply Pick-up", "description": "", "dateCreated": "2016-04-13T22:05:21.701Z"}, "model": "nsavolunteer.volunteerinterests", "pk": 31}, {"fields": {"active": true, "dateUpdated": "2016-04-13T22:05:27.611Z", "interestName": "MS Coordinate Holiday Party", "description": "", "dateCreated": "2016-04-13T22:05:27.611Z"}, "model": "nsavolunteer.volunteerinterests", "pk": 32}, {"fields": {"active": true, "dateUpdated": "2016-04-13T22:05:34.030Z", "interestName": "MS Field Day Snack Packs", "description": "", "dateCreated": "2016-04-13T22:05:34.029Z"}, "model": "nsavolunteer.volunteerinterests", "pk": 33}, {"fields": {"active": true, "dateUpdated": "2016-04-13T22:05:40.094Z", "interestName": "MS Field Day-Tshirt Planning, Organizing&Ordering", "description": "", "dateCreated": "2016-04-13T22:05:40.094Z"}, "model": "nsavolunteer.volunteerinterests", "pk": 34}, {"fields": {"active": true, "dateUpdated": "2016-04-13T22:05:47.448Z", "interestName": "MS Teacher Appreciation Week", "description": "", "dateCreated": "2016-04-13T22:05:47.448Z"}, "model": "nsavolunteer.volunteerinterests", "pk": 35}, {"fields": {"active": true, "dateUpdated": "2016-04-13T22:05:53.476Z", "interestName": "MS Teacher Holiday / End-of-Year Gifts", "description": "", "dateCreated": "2016-04-13T22:05:53.476Z"}, "model": "nsavolunteer.volunteerinterests", "pk": 36}, {"fields": {"active": true, "dateUpdated": "2016-04-13T22:05:59.794Z", "interestName": "MS Trunk-or-Treat Shopping/Vehicle Decoration", "description": "", "dateCreated": "2016-04-13T22:05:59.793Z"}, "model": "nsavolunteer.volunteerinterests", "pk": 37}, {"fields": {"active": true, "dateUpdated": "2016-04-13T22:06:05.997Z", "interestName": "Music Programs", "description": "", "dateCreated": "2016-04-13T22:06:05.997Z"}, "model": "nsavolunteer.volunteerinterests", "pk": 38}, {"fields": {"active": true, "dateUpdated": "2016-04-13T22:06:12.087Z", "interestName": "Network Security Expert", "description": "", "dateCreated": "2016-04-13T22:06:12.087Z"}, "model": "nsavolunteer.volunteerinterests", "pk": 39}, {"fields": {"active": true, "dateUpdated": "2016-04-13T22:06:18.106Z", "interestName": "NSA Fundraising", "description": "", "dateCreated": "2016-04-13T22:06:18.106Z"}, "model": "nsavolunteer.volunteerinterests", "pk": 40}, {"fields": {"active": true, "dateUpdated": "2016-04-13T22:06:31.469Z", "interestName": "Own / Affiliated Business - Possible Auction Donor (Service / Item(s))", "description": "", "dateCreated": "2016-04-13T22:06:31.469Z"}, "model": "nsavolunteer.volunteerinterests", "pk": 41}, {"fields": {"active": true, "dateUpdated": "2016-04-13T22:06:37.553Z", "interestName": "Own / Affiliated Business - Possible Auction Sponsor", "description": "", "dateCreated": "2016-04-13T22:06:37.553Z"}, "model": "nsavolunteer.volunteerinterests", "pk": 42}, {"fields": {"active": true, "dateUpdated": "2016-04-13T22:06:57.294Z", "interestName": "Room Parent", "description": "", "dateCreated": "2016-04-13T22:06:57.294Z"}, "model": "nsavolunteer.volunteerinterests", "pk": 43}, {"fields": {"active": true, "dateUpdated": "2016-04-13T22:07:14.152Z", "interestName": "School Pictures", "description": "", "dateCreated": "2016-04-13T22:07:14.152Z"}, "model": "nsavolunteer.volunteerinterests", "pk": 44}, {"fields": {"active": true, "dateUpdated": "2016-04-13T22:07:20.738Z", "interestName": "Sewing", "description": "", "dateCreated": "2016-04-13T22:07:20.738Z"}, "model": "nsavolunteer.volunteerinterests", "pk": 45},
{"fields": {"gradeOrder": 0, "gradeName": "Kindergarten"}, "model": "nsaSchool.gradelevel", "pk": 1}, {"fields": {"gradeOrder": 1, "gradeName": "1st Grade"}, "model": "nsaSchool.gradelevel", "pk": 2}, {"fields": {"gradeOrder": 2, "gradeName": "2nd Grade"}, "model": "nsaSchool.gradelevel", "pk": 3}, {"fields": {"gradeOrder": 3, "gradeName": "3rd Grade"}, "model": "nsaSchool.gradelevel", "pk": 4}, {"fields": {"gradeOrder": 4, "gradeName": "4th Grade"}, "model": "nsaSchool.gradelevel", "pk": 5}, {"fields": {"gradeOrder": 5, "gradeName": "5th Grade"}, "model": "nsaSchool.gradelevel", "pk": 6}, {"fields": {"gradeOrder": 6, "gradeName": "6th Grade"}, "model": "nsaSchool.gradelevel", "pk": 7}, {"fields": {"gradeOrder": 7, "gradeName": "7th Grade"}, "model": "nsaSchool.gradelevel", "pk": 8}, {"fields": {"gradeOrder": 8, "gradeName": "8th Grade"}, "model": "nsaSchool.gradelevel", "pk": 9}, {"fields": {"gradeOrder": 9, "gradeName": "Graduated"}, "model": "nsaSchool.gradelevel", "pk": 10}, {"fields": {"history_type": "+", "currentYear": false, "yearId": 1, "schoolYear": "2014-2015", "dateUpdated": "2015-12-07T18:13:36.543Z", "dateCreated": "2015-12-07T18:13:36.543Z", "history_user": null, "history_date": "2015-12-07T18:13:36.615Z"}, "model": "nsaSchool.historicalschoolyear", "pk": 1}, {"fields": {"history_type": "+", "currentYear": true, "yearId": 2, "schoolYear": "2015-2016", "dateUpdated": "2015-12-07T18:13:46.456Z", "dateCreated": "2015-12-07T18:13:46.456Z", "history_user": null, "history_date": "2015-12-07T18:13:46.472Z"}, "model": "nsaSchool.historicalschoolyear", "pk": 2}, {"fields": {"history_type": "+", "currentYear": false, "yearId": 3, "schoolYear": "2016-2017", "dateUpdated": "2015-12-07T18:13:59.123Z", "dateCreated": "2015-12-07T18:13:59.123Z", "history_user": null, "history_date": "2015-12-07T18:13:59.145Z"}, "model": "nsaSchool.historicalschoolyear", "pk": 3}, {"fields": {"history_type": "+", "currentYear": false, "yearId": 4, "schoolYear": "2018-2019", "dateUpdated": "2015-12-07T18:14:14.162Z", "dateCreated": "2015-12-07T18:14:14.162Z", "history_user": null, "history_date": "2015-12-07T18:14:14.184Z"}, "model": "nsaSchool.historicalschoolyear", "pk": 4}, {"fields": {"history_type": "~", "currentYear": false, "yearId": 4, "schoolYear": "2017-2018", "dateUpdated": "2015-12-07T18:14:35.440Z", "dateCreated": "2015-12-07T18:14:14.162Z", "history_user": null, "history_date": "2015-12-07T18:14:35.455Z"}, "model": "nsaSchool.historicalschoolyear", "pk": 5}, {"fields": {"history_type": "+", "currentYear": false, "yearId": 5, "schoolYear": "2018-2019", "dateUpdated": "2015-12-08T00:17:04.431Z", "dateCreated": "2015-12-08T00:17:04.431Z", "history_user": null, "history_date": "2015-12-08T00:17:04.516Z"}, "model": "nsaSchool.historicalschoolyear", "pk": 6}, {"fields": {"history_type": "+", "currentYear": false, "yearId": 6, "schoolYear": "2019-2020", "dateUpdated": "2015-12-08T00:17:12.636Z", "dateCreated": "2015-12-08T00:17:12.636Z", "history_user": null, "history_date": "2015-12-08T00:17:12.653Z"}, "model": "nsaSchool.historicalschoolyear", "pk": 7}, {"fields": {"dateUpdated": "2015-12-07T18:13:36.543Z", "currentYear": false, "schoolYear": "2014-2015", "dateCreated": "2015-12-07T18:13:36.543Z"}, "model": "nsaSchool.schoolyear", "pk": 1}, {"fields": {"dateUpdated": "2015-12-07T18:13:46.456Z", "currentYear": true, "schoolYear": "2015-2016", "dateCreated": "2015-12-07T18:13:46.456Z"}, "model": "nsaSchool.schoolyear", "pk": 2}, {"fields": {"dateUpdated": "2015-12-07T18:13:59.123Z", "currentYear": false, "schoolYear": "2016-2017", "dateCreated": "2015-12-07T18:13:59.123Z"}, "model": "nsaSchool.schoolyear", "pk": 3}, {"fields": {"dateUpdated": "2015-12-07T18:14:35.440Z", "currentYear": false, "schoolYear": "2017-2018", "dateCreated": "2015-12-07T18:14:14.162Z"}, "model": "nsaSchool.schoolyear", "pk": 4}, {"fields": {"dateUpdated": "2015-12-08T00:17:04.431Z", "currentYear": false, "schoolYear": "2018-2019", "dateCreated": "2015-12-08T00:17:04.431Z"}, "model": "nsaSchool.schoolyear", "pk": 5}, {"fields": {"dateUpdated": "2015-12-08T00:17:12.636Z", "currentYear": false, "schoolYear": "2019-2020", "dateCreated": "2015-12-08T00:17:12.636Z"}, "model": "nsaSchool.schoolyear", "pk": 6},
{"fields": {"dayAbbr": "Sun", "dayName": "Sunday"}, "model": "nsaEvents.daysofweek", "pk": 1}, {"fields": {"dayAbbr": "Mon", "dayName": "Monday"}, "model": "nsaEvents.daysofweek", "pk": 2}, {"fields": {"dayAbbr": "Tue", "dayName": "Tuesday"}, "model": "nsaEvents.daysofweek", "pk": 3}, {"fields": {"dayAbbr": "Wed", "dayName": "Wednesday"}, "model": "nsaEvents.daysofweek", "pk": 4}, {"fields": {"dayAbbr": "Thu", "dayName": "Thursday"}, "model": "nsaEvents.daysofweek", "pk": 5}, {"fields": {"dayAbbr": "Fri", "dayName": "Friday"}, "model": "nsaEvents.daysofweek", "pk": 6}, {"fields": {"dayAbbr": "Sat", "dayName": "Saturday"}, "model": "nsaEvents.daysofweek", "pk": 7},
{"fields": {"firstName": "Caitlyn", "gradeLevel": 1, "lastName": "Nelson", "dateCreated": "2016-04-13T22:23:56.730Z", "activeStatus": true, "dateUpdated": "2016-04-13T22:24:08.010Z"}, "model": "nsaSchool.teachers", "pk": 2}, {"fields": {"firstName": "Dottie", "gradeLevel": 6, "lastName": "Bass", "dateCreated": "2016-04-13T22:32:02.694Z", "activeStatus": true, "dateUpdated": "2016-04-13T22:32:02.694Z"}, "model": "nsaSchool.teachers", "pk": 3}, {"fields": {"firstName": "Debbie", "gradeLevel": 9, "lastName": "Benson", "dateCreated": "2016-04-13T22:32:21.539Z", "activeStatus": true, "dateUpdated": "2016-04-13T22:32:21.539Z"}, "model": "nsaSchool.teachers", "pk": 4}, {"fields": {"firstName": "Erica", "gradeLevel": 5, "lastName": "Brennan", "dateCreated": "2016-04-13T22:32:40.522Z", "activeStatus": true, "dateUpdated": "2016-04-13T22:32:40.522Z"}, "model": "nsaSchool.teachers", "pk": 5}, {"fields": {"firstName": "Ann", "gradeLevel": 1, "lastName": "Brna", "dateCreated": "2016-04-13T22:32:55.790Z", "activeStatus": true, "dateUpdated": "2016-04-13T22:32:55.790Z"}, "model": "nsaSchool.teachers", "pk": 6}, {"fields": {"firstName": "Marisa", "gradeLevel": 9, "lastName": "Calderon", "dateCreated": "2016-04-13T22:33:13.104Z", "activeStatus": true, "dateUpdated": "2016-04-13T22:33:13.104Z"}, "model": "nsaSchool.teachers", "pk": 7}, {"fields": {"firstName": "Mike", "gradeLevel": 6, "lastName": "Christensen", "dateCreated": "2016-04-13T22:33:30.129Z", "activeStatus": true, "dateUpdated": "2016-04-13T22:33:30.130Z"}, "model": "nsaSchool.teachers", "pk": 8}, {"fields": {"firstName": "Christine", "gradeLevel": 4, "lastName": "Clemons", "dateCreated": "2016-04-13T22:33:51.248Z", "activeStatus": true, "dateUpdated": "2016-04-13T22:33:51.248Z"}, "model": "nsaSchool.teachers", "pk": 9}, {"fields": {"firstName": "Maggie", "gradeLevel": 5, "lastName": "Crawford", "dateCreated": "2016-04-13T22:34:16.697Z", "activeStatus": true, "dateUpdated": "2016-04-13T22:34:16.697Z"}, "model": "nsaSchool.teachers", "pk": 10}, {"fields": {"firstName": "Charo", "gradeLevel": 5, "lastName": "Egan", "dateCreated": "2016-04-13T22:34:33.174Z", "activeStatus": true, "dateUpdated": "2016-04-13T22:34:33.174Z"}, "model": "nsaSchool.teachers", "pk": 11}, {"fields": {"firstName": "Bobbie", "gradeLevel": 4, "lastName": "Garcia", "dateCreated": "2016-04-13T22:34:51.964Z", "activeStatus": true, "dateUpdated": "2016-04-13T22:34:51.964Z"}, "model": "nsaSchool.teachers", "pk": 12}, {"fields": {"firstName": "Karen", "gradeLevel": 2, "lastName": "Godwin", "dateCreated": "2016-04-13T22:35:06.648Z", "activeStatus": true, "dateUpdated": "2016-04-13T22:35:06.648Z"}, "model": "nsaSchool.teachers", "pk": 13}, {"fields": {"firstName": "Jessica", "gradeLevel": 1, "lastName": "Hammel", "dateCreated": "2016-04-13T22:35:33.127Z", "activeStatus": true, "dateUpdated": "2016-04-13T22:35:33.127Z"}, "model": "nsaSchool.teachers", "pk": 14}, {"fields": {"firstName": "Stacy", "gradeLevel": 3, "lastName": "Hursh", "dateCreated": "2016-04-13T22:35:49.505Z", "activeStatus": true, "dateUpdated": "2016-04-13T22:35:49.505Z"}, "model": "nsaSchool.teachers", "pk": 15}, {"fields": {"firstName": "Jessica", "gradeLevel": 7, "lastName": "Medberry", "dateCreated": "2016-04-13T22:36:06.427Z", "activeStatus": true, "dateUpdated": "2016-04-13T22:36:06.427Z"}, "model": "nsaSchool.teachers", "pk": 16}, {"fields": {"firstName": "Rachel", "gradeLevel": 4, "lastName": "Ostreko", "dateCreated": "2016-04-13T22:36:38.890Z", "activeStatus": true, "dateUpdated": "2016-04-13T22:36:38.890Z"}, "model": "nsaSchool.teachers", "pk": 17}, {"fields": {"firstName": "Lance", "gradeLevel": 8, "lastName": "Petrillo", "dateCreated": "2016-04-13T22:36:56.352Z", "activeStatus": true, "dateUpdated": "2016-04-13T22:36:56.352Z"}, "model": "nsaSchool.teachers", "pk": 18}, {"fields": {"firstName": "Katie", "gradeLevel": 2, "lastName": "Pierson", "dateCreated": "2016-04-13T22:37:11.556Z", "activeStatus": true, "dateUpdated": "2016-04-13T22:37:11.556Z"}, "model": "nsaSchool.teachers", "pk": 19}, {"fields": {"firstName": "Wendy", "gradeLevel": 8, "lastName": "Pieseski", "dateCreated": "2016-04-13T22:37:28.306Z", "activeStatus": true, "dateUpdated": "2016-04-13T22:37:28.306Z"}, "model": "nsaSchool.teachers", "pk": 20}, {"fields": {"firstName": "Tiffany", "gradeLevel": 1, "lastName": "Roberts", "dateCreated": "2016-04-13T22:37:44.483Z", "activeStatus": true, "dateUpdated": "2016-04-13T22:37:44.483Z"}, "model": "nsaSchool.teachers", "pk": 21}, {"fields": {"firstName": "Morgan", "gradeLevel": 8, "lastName": "Schneider", "dateCreated": "2016-04-13T22:37:58.788Z", "activeStatus": true, "dateUpdated": "2016-04-13T22:37:58.788Z"}, "model": "nsaSchool.teachers", "pk": 22}, {"fields": {"firstName": "Julie", "gradeLevel": 2, "lastName": "Schumacher", "dateCreated": "2016-04-13T22:38:12.752Z", "activeStatus": true, "dateUpdated": "2016-04-13T22:38:12.752Z"}, "model": "nsaSchool.teachers", "pk": 23}, {"fields": {"firstName": "Ronald", "gradeLevel": 7, "lastName": "Smith", "dateCreated": "2016-04-13T22:38:30.217Z", "activeStatus": true, "dateUpdated": "2016-04-13T22:38:30.217Z"}, "model": "nsaSchool.teachers", "pk": 24}, {"fields": {"firstName": "Kristin", "gradeLevel": 7, "lastName": "Smith", "dateCreated": "2016-04-13T22:38:44.574Z", "activeStatus": true, "dateUpdated": "2016-04-13T22:38:44.574Z"}, "model": "nsaSchool.teachers", "pk": 25}, {"fields": {"firstName": "Kristin", "gradeLevel": 6, "lastName": "Steadman", "dateCreated": "2016-04-13T22:38:57.955Z", "activeStatus": true, "dateUpdated": "2016-04-13T22:38:57.955Z"}, "model": "nsaSchool.teachers", "pk": 26}, {"fields": {"firstName": "Hannah", "gradeLevel": 3, "lastName": "Sutton", "dateCreated": "2016-04-13T22:39:11.063Z", "activeStatus": true, "dateUpdated": "2016-04-13T22:39:11.063Z"}, "model": "nsaSchool.teachers", "pk": 27}, {"fields": {"firstName": "Molly", "gradeLevel": 3, "lastName": "Templin", "dateCreated": "2016-04-13T22:39:25.337Z", "activeStatus": true, "dateUpdated": "2016-04-13T22:39:25.337Z"}, "model": "nsaSchool.teachers", "pk": 28}
]


